{
  "showTitle": true,
  "showBasemap": false,
  "showLegend": true,
  "expandAllLayersByDefault": false,
  "contextMenu": {
    "ZoomTo": true,
    "Transparency": true,
    "SetVisibilityRange": true,
    "EnableOrDisablePopup": true,
    "ControlLabels": true,
    "MoveupOrMovedown": true,
    "OpenAttributeTable": true,
    "DescriptionOrShowItemDetailsOrDownload": true
  },
  "layerOptions": {
    "e6b46e04ab354b63b55ed59cbf15c250": {
      "display": true
    },
    "cb5ecc6341564b79b97ffb4706329291": {
      "display": false
    },
    "ca414daa07b9457280c86a24cfd183e9": {
      "display": false
    },
    "33c2ff2a61b1434586e9a4d013e19aa5": {
      "display": true
    }
  }
}
