{
  "charts": [
    {
      "url": "",
      "filter": {
        "logicalOperator": "AND",
        "parts": [],
        "expr": "1=1"
      },
      "description": "Area size in square feet by vegetation type",
      "symbol": {
        "color": [
          155,
          187,
          89,
          128
        ],
        "outline": {
          "color": [
            115,
            140,
            61,
            255
          ],
          "width": 1.5,
          "type": "esriSLS",
          "style": "esriSLSSolid"
        },
        "type": "esriSFS",
        "style": "esriSFSSolid"
      },
      "webMapLayerId": "e6b46e04ab354b63b55ed59cbf15c250",
      "mode": "category",
      "name": "Arizona Native Vegetation",
      "highLightColor": "#ff0000",
      "types": [
        {
          "type": "column",
          "display": {
            "colors": [
              "#ffa500"
            ],
            "showHorizontalAxis": true,
            "showVerticalAxis": true,
            "showLegend": false
          }
        }
      ],
      "categoryField": "DESCRIP",
      "operation": "sum",
      "valueFields": [
        "SHAPE_AREA"
      ],
      "sortOrder": {
        "isLabelAxis": false,
        "isAsc": true
      }
    }
  ]
}
